# id,alpha
0,1.02270
1,0.97294
2,1.06974
3,0.72702
