# id,alpha
0,0.86175
1,0.77896
2,0.65107
3,0.60090
4,0.59586
