# id,alpha
0,0.70724
1,0.52888
2,0.77189
3,0.68069
4,0.88371
