# id,alpha
0,0.14330
1,0.14330
2,1.00000
3,1.00000
4,1.00000
