# id,alpha
0,1.07598
1,1.40401
2,0.27346
3,0.17760
4,0.47819
