# id,alpha
0,0.31865
1,0.29878
2,0.36505
3,0.34473
4,0.35649
5,0.33659
6,0.39334
7,0.31787
8,0.30333
9,0.31064
10,0.36896
11,0.34459
12,0.36678
13,0.34599
14,0.32223
15,0.37907
16,1.97934
17,2.58779
18,2.44535
19,2.24579
