# id,alpha
0,0.77483
1,0.55086
2,1.14302
3,1.02358
4,0.83217
