# id,alpha
0,0.75547
1,0.73814
2,0.83342
3,1.51391
4,1.16281
