# id,alpha
0,1.00000
1,1.00000
2,1.00000
