# id,alpha
0,-0.27761
1,0.06966
2,1.22544
3,1.22544
4,1.00000
