# id,alpha
0,0.35780
1,0.34488
2,0.41410
3,0.38989
4,0.40489
5,0.38164
6,0.43456
7,0.36251
8,0.34785
9,0.36002
10,0.41865
11,0.37868
12,0.41883
13,0.39824
14,0.37106
15,0.42518
16,1.88359
17,2.45052
18,2.41275
19,2.12306
