# id,beta
0,3.47491
1,2.46591
2,4.29172
3,3.47491
