# id,beta
0,2.71828
1,2.71828
2,2.71828
3,2.71828
4,2.71828
5,2.71828
6,2.71828
7,2.71828
8,2.71828
9,2.71828
10,2.71828
11,2.71828
12,2.71828
13,2.71828
14,2.71828
15,2.71828
16,2.71828
17,2.71828
18,2.71828
19,2.71828
