# id,beta
0,2.38510
1,2.38510
