# id,beta
0,2.40147
1,2.33599
2,1.23200
3,3.48361
4,5.62806
5,1.49567
6,5.62806
7,5.62806
8,1.49567
9,2.39826
