# id,beta
0,1.97196
1,0.90916
2,4.14880
3,4.14880
4,0.87034
5,1.32266
6,0.90916
7,4.14880
8,4.14880
9,1.88117
10,4.14880
11,4.14880
12,4.14880
13,4.14880
14,4.14880
15,4.14880
16,1.29506
17,4.14880
18,1.28500
19,4.14880
20,4.14880
21,4.14880
22,4.14880
23,4.14880
24,4.14880
25,1.32266
26,1.09574
27,4.14880
28,4.14880
29,4.14880
30,1.12792
31,1.32266
32,4.14880
33,4.14880
34,1.99363
35,4.14880
36,1.88117
37,4.14880
38,4.14880
