{"alpha": {"0": 0.7072393110043789, "1": 0.5288768459703275, "2": 0.7718857878281972, "3": 0.6806850999651265, "4": 0.8837122060017367}, "beta": {"0": 1.926189242111251, "1": 4.7921286906671305, "2": 2.230430915277469, "3": 0.8843153532796817, "4": 2.5193612637946163, "5": 1.488128884456297, "6": 4.7921286906671305, "7": 4.7921286906671305, "8": 1.2617052365237147, "9": 1.488128884456297, "10": 1.488128884456297, "11": 4.7921286906671305, "12": 1.532488413934604, "13": 2.0841913866660406, "14": 1.488128884456297, "15": 4.7921286906671305, "16": 1.0324215289648313, "17": 4.7921286906671305, "18": 4.7921286906671305, "19": 4.7921286906671305, "20": 4.7921286906671305, "21": 4.7921286906671305, "22": 2.0841913866660406, "23": 4.7921286906671305, "24": 1.015355487205952, "25": 4.7921286906671305, "26": 4.7921286906671305, "27": 1.3598612759613105, "28": 4.7921286906671305, "29": 4.7921286906671305, "30": 4.7921286906671305, "31": 4.7921286906671305, "32": 1.2075204166801885, "33": 2.5193612637946163, "34": 4.7921286906671305, "35": 4.7921286906671305, "36": 4.7921286906671305, "37": 1.3912097105787018, "38": 1.488128884456297, "39": 4.7921286906671305, "40": 4.7921286906671305, "41": 1.926189242111251, "42": 4.7921286906671305, "43": 4.7921286906671305, "44": 0.9734573177918434, "45": 1.4881288844562972, "46": 1.0165440915751343, "47": 4.7921286906671305, "48": 4.7921286906671305, "49": 4.7921286906671305, "50": 2.230430915277469, "51": 0.9555336364697964, "52": 2.5193612637946163, "53": 4.7921286906671305, "54": 1.314539110729071, "55": 2.230430915277469, "56": 1.3715262911429753, "57": 1.314539110729071, "58": 1.2494433764303685, "59": 2.0841913866660406, "60": 4.7921286906671305, "61": 4.7921286906671305, "62": 4.7921286906671305, "63": 1.3406094411195564, "64": 4.7921286906671305, "65": 4.7921286906671305, "66": 1.2575472511658, "67": 1.5133470313745543, "68": 4.7921286906671305, "69": 4.7921286906671305, "70": 4.7921286906671305, "71": 1.0095529928150542, "72": 4.7921286906671305, "73": 1.4881288844562972, "74": 4.7921286906671305, "75": 4.7921286906671305, "76": 1.5133470313745543, "77": 0.9555336364697964, "78": 2.0841913866660406, "79": 4.7921286906671305, "80": 2.230430915277469, "81": 4.7921286906671305, "82": 4.7921286906671305, "83": 4.7921286906671305, "84": 1.2494433764303685, "85": 4.7921286906671305, "86": 4.7921286906671305, "87": 2.0841913866660406, "88": 4.7921286906671305, "89": 2.5193612637946163, "90": 1.488128884456297, "91": 4.7921286906671305, "92": 0.9786397895070938, "93": 4.7921286906671305, "94": 1.488128884456297, "95": 4.7921286906671305, "96": 2.5193612637946163, "97": 4.7921286906671305, "98": 1.488128884456297, "99": 0.9555336364697964}, "probZ": {"0": {"0": 6.946744962304388e-05, "1": 0.001143292486892579, "2": 0.9987177726138613, "3": 6.946744962304388e-05}, "1": {"0": 0.9999999995464183, "1": 1.5119384088117146e-10, "2": 1.5119384088117146e-10, "3": 1.5119384088117146e-10}, "2": {"0": 0.000267152570587929, "1": 0.9996938251120707, "2": 1.9511158670634178e-05, "3": 1.9511158670634178e-05}, "3": {"0": 0.029129895620672454, "1": 0.1595436513657194, "2": 0.029129895620672454, "3": 0.7821965573929356}, "4": {"0": 5.773345686840672e-06, "1": 5.773345686840672e-06, "2": 0.9999228060474089, "3": 6.564726121736576e-05}, "5": {"0": 0.0010727804260439097, "1": 0.9370915915945645, "2": 0.06076284755334763, "3": 0.0010727804260439097}, "6": {"0": 1.5119384088117146e-10, "1": 0.9999999995464183, "2": 1.5119384088117146e-10, "3": 1.5119384088117146e-10}, "7": {"0": 1.5119384088117148e-10, "1": 1.5119384088117148e-10, "2": 0.9999999995464184, "3": 1.5119384088117148e-10}, "8": {"0": 0.025600048102132806, "1": 0.0027982595200142955, "2": 0.9517867985663857, "3": 0.019814893811467133}, "9": {"0": 0.06076284755334763, "1": 0.0010727804260439097, "2": 0.9370915915945645, "3": 0.0010727804260439097}, "10": {"0": 0.0010727804260439097, "1": 0.9370915915945645, "2": 0.06076284755334763, "3": 0.0010727804260439097}, "11": {"0": 1.5119384088117148e-10, "1": 1.5119384088117148e-10, "2": 0.9999999995464184, "3": 1.5119384088117148e-10}, "12": {"0": 0.9889076111298065, "1": 0.0010206475429452232, "2": 0.00905109378430313, "3": 0.0010206475429452232}, "13": {"0": 0.0005397000210232665, "1": 3.600448339416615e-05, "2": 0.9993882910121885, "3": 3.600448339416615e-05}, "14": {"0": 0.06076284755334763, "1": 0.9370915915945645, "2": 0.0010727804260439097, "3": 0.0010727804260439097}, "15": {"0": 1.5119384088117146e-10, "1": 0.9999999995464183, "2": 1.5119384088117146e-10, "3": 1.5119384088117146e-10}, "16": {"0": 0.523596703530595, "1": 0.45388987268911635, "2": 0.011256711890144393, "3": 0.011256711890144393}, "17": {"0": 1.5119384088117146e-10, "1": 0.9999999995464183, "2": 1.5119384088117146e-10, "3": 1.5119384088117146e-10}, "18": {"0": 1.5119384088117148e-10, "1": 1.5119384088117148e-10, "2": 0.9999999995464184, "3": 1.5119384088117148e-10}, "19": {"0": 1.5119384088117146e-10, "1": 0.9999999995464183, "2": 1.5119384088117146e-10, "3": 1.5119384088117146e-10}, "20": {"0": 1.5119384088117148e-10, "1": 1.5119384088117148e-10, "2": 1.5119384088117148e-10, "3": 0.9999999995464184}, "21": {"0": 1.5119384088117148e-10, "1": 1.5119384088117148e-10, "2": 0.9999999995464184, "3": 1.5119384088117148e-10}, "22": {"0": 3.600448339416615e-05, "1": 0.9993882910121885, "2": 0.0005397000210232665, "3": 3.600448339416615e-05}, "23": {"0": 1.5119384088117148e-10, "1": 1.5119384088117148e-10, "2": 0.9999999995464184, "3": 1.5119384088117148e-10}, "24": {"0": 0.44599018385168326, "1": 0.011036793775427472, "2": 0.48632569117179514, "3": 0.056647331201094046}, "25": {"0": 1.5119384088117146e-10, "1": 0.9999999995464183, "2": 1.5119384088117146e-10, "3": 1.5119384088117146e-10}, "26": {"0": 1.5119384088117146e-10, "1": 0.9999999995464183, "2": 1.5119384088117146e-10, "3": 1.5119384088117146e-10}, "27": {"0": 0.001700659100279877, "1": 0.8955477040454173, "2": 0.001700659100279877, "3": 0.10105097775402298}, "28": {"0": 1.5119384088117148e-10, "1": 1.5119384088117148e-10, "2": 0.9999999995464184, "3": 1.5119384088117148e-10}, "29": {"0": 1.5119384088117146e-10, "1": 0.9999999995464183, "2": 1.5119384088117146e-10, "3": 1.5119384088117146e-10}, "30": {"0": 1.5119384088117148e-10, "1": 1.5119384088117148e-10, "2": 1.5119384088117148e-10, "3": 0.9999999995464184}, "31": {"0": 1.5119384088117148e-10, "1": 1.5119384088117148e-10, "2": 0.9999999995464184, "3": 1.5119384088117148e-10}, "32": {"0": 0.7996911451163091, "1": 0.19445582622561725, "2": 0.002926514329036778, "3": 0.002926514329036778}, "33": {"0": 5.773345686840671e-06, "1": 0.9999228060474088, "2": 6.564726121736576e-05, "3": 5.773345686840671e-06}, "34": {"0": 1.5119384088117146e-10, "1": 0.9999999995464183, "2": 1.5119384088117146e-10, "3": 1.5119384088117146e-10}, "35": {"0": 1.5119384088117146e-10, "1": 0.9999999995464183, "2": 1.5119384088117146e-10, "3": 1.5119384088117146e-10}, "36": {"0": 0.9999999995464183, "1": 1.5119384088117146e-10, "2": 1.5119384088117146e-10, "3": 1.5119384088117146e-10}, "37": {"0": 0.0017221450895920458, "1": 0.013819783392523495, "2": 0.9711395099553065, "3": 0.013318561562577975}, "38": {"0": 0.0010727804260439097, "1": 0.06076284755334763, "2": 0.9370915915945645, "3": 0.0010727804260439097}, "39": {"0": 0.9999999995464183, "1": 1.5119384088117146e-10, "2": 1.5119384088117146e-10, "3": 1.5119384088117146e-10}, "40": {"0": 1.5119384088117148e-10, "1": 1.5119384088117148e-10, "2": 1.5119384088117148e-10, "3": 0.9999999995464184}, "41": {"0": 6.946744962304389e-05, "1": 6.946744962304389e-05, "2": 0.9987177726138614, "3": 0.0011432924868925792}, "42": {"0": 1.5119384088117146e-10, "1": 0.9999999995464183, "2": 1.5119384088117146e-10, "3": 1.5119384088117146e-10}, "43": {"0": 1.5119384088117148e-10, "1": 1.5119384088117148e-10, "2": 0.9999999995464184, "3": 1.5119384088117148e-10}, "44": {"0": 0.11212774853572663, "1": 0.09425563255609871, "2": 0.0187756207900937,