# id,z0,z1,z2,z3
0,0.00018,0.00003,0.99965,0.00014
1,0.99985,0.00012,0.00001,0.00001
2,0.87353,0.12136,0.00256,0.00256
3,0.00000,0.00000,0.00000,1.00000
4,0.00000,0.00000,1.00000,0.00000
5,0.00252,0.06047,0.92564,0.01138
6,0.00000,1.00000,0.00000,0.00000
7,0.00000,0.00000,1.00000,0.00000
8,0.06047,0.00252,0.92564,0.01138
9,0.99912,0.00003,0.00082,0.00003
