# id,z0,z1,z2,z3
0,0.40426,0.09574,0.40426,0.09574
1,0.40426,0.40426,0.09574,0.09574
