# id,z0,z1
0,0.99566,0.00434
1,0.50000,0.50000
2,0.93810,0.06190
3,0.99971,0.00029
4,0.99566,0.00434
5,0.99566,0.00434
6,0.99971,0.00029
7,0.93810,0.06190
8,0.93810,0.06190
9,0.50000,0.50000
10,0.50000,0.50000
11,0.99566,0.00434
12,0.99566,0.00434
13,0.93810,0.06190
14,0.93810,0.06190
15,0.93810,0.06190
16,0.50000,0.50000
17,0.99971,0.00029
18,0.93810,0.06190
19,0.50000,0.50000
