# id,z0,z1,z2,z3
0,0.99986,0.00002,0.00010,0.00002
1,0.99985,0.00005,0.00005,0.00005
2,1.00000,0.00000,0.00000,0.00000
3,0.99986,0.00002,0.00002,0.00010
